{
  "ckpt_epoch": 21,
  "min_support": 5,
  "overall": {
    "acc_top1": 0.7851622874806801,
    "acc_top5": 0.9227202472952086
  },
  "by_species": {
    "Aesculus_turbinata": {
      "precision": 1.0,
      "recall": 1.0,
      "f1-score": 1.0,
      "support": 5.0
    },
    "Aphananthe_aspera": {
      "precision": 1.0,
      "recall": 1.0,
      "f1-score": 1.0,
      "support": 33.0
    },
    "Carpinus_japonica": {
      "precision": 1.0,
      "recall": 0.18181818181818182,
      "f1-score": 0.3076923076923077,
      "support": 11.0
    },
    "Carpinus_tschonoskii": {
      "precision": 0.7692307692307693,
      "recall": 0.45454545454545453,
      "f1-score": 0.5714285714285714,
      "support": 22.0
    },
    "Castanea_crenata": {
      "precision": 1.0,
      "recall": 1.0,
      "f1-score": 1.0,
      "support": 34.0
    },
    "Castanopsis_cuspidata": {
      "precision": 1.0,
      "recall": 0.8780487804878049,
      "f1-score": 0.935064935064935,
      "support": 41.0
    },
    "Castanopsis_sieboldii": {
      "precision": 0.6842105263157895,
      "recall": 1.0,
      "f1-score": 0.8125,
      "support": 13.0
    },
    "Celtis_sinensis": {
      "precision": 1.0,
      "recall": 1.0,
      "f1-score": 1.0,
      "support": 15.0
    },
    "Cinnamomum_camphora": {
      "precision": 1.0,
      "recall": 0.9230769230769231,
      "f1-score": 0.96,
      "support": 52.0
    },
    "Cinnamomum_yabunikkei": {
      "precision": 0.6666666666666666,
      "recall": 0.4,
      "f1-score": 0.5,
      "support": 25.0
    },
    "Corylus_sieboldiana": {
      "precision": 1.0,
      "recall": 1.0,
      "f1-score": 1.0,
      "support": 12.0
    },
    "Fagus_crenata": {
      "precision": 0.9032258064516129,
      "recall": 0.5384615384615384,
      "f1-score": 0.6746987951807228,
      "support": 52.0
    },
    "Fagus_japonica": {
      "precision": 0.3333333333333333,
      "recall": 0.8,
      "f1-score": 0.47058823529411764,
      "support": 15.0
    },
    "Lithocarpus_edulis": {
      "precision": 0.8888888888888888,
      "recall": 1.0,
      "f1-score": 0.9411764705882353,
      "support": 16.0
    },
    "Litsea_coreana": {
      "precision": 0.9090909090909091,
      "recall": 1.0,
      "f1-score": 0.9523809523809523,
      "support": 20.0
    },
    "Machilus_thunbergii": {
      "precision": 0.7666666666666667,
      "recall": 0.7666666666666667,
      "f1-score": 0.7666666666666667,
      "support": 30.0
    },
    "Ostrya_japonica": {
      "precision": 1.0,
      "recall": 0.972972972972973,
      "f1-score": 0.9863013698630136,
      "support": 37.0
    },
    "Quercus_acuta": {
      "precision": 0.875,
      "recall": 0.3181818181818182,
      "f1-score": 0.4666666666666667,
      "support": 22.0
    },
    "Quercus_crispula": {
      "precision": 0.9,
      "recall": 0.9818181818181818,
      "f1-score": 0.9391304347826087,
      "support": 55.0
    },
    "Quercus_gilva": {
      "precision": 0.38461538461538464,
      "recall": 0.5555555555555556,
      "f1-score": 0.45454545454545453,
      "support": 9.0
    },
    "Quercus_salicina": {
      "precision": 0.6363636363636364,
      "recall": 0.3684210526315789,
      "f1-score": 0.4666666666666667,
      "support": 19.0
    },
    "Quercus_serrata": {
      "precision": 1.0,
      "recall": 0.3333333333333333,
      "f1-score": 0.5,
      "support": 9.0
    },
    "Quercus_variabilis": {
      "precision": 1.0,
      "recall": 0.4444444444444444,
      "f1-score": 0.6153846153846154,
      "support": 9.0
    },
    "Ulmus_davidiana_var_japonica": {
      "precision": 1.0,
      "recall": 0.8333333333333334,
      "f1-score": 0.9090909090909091,
      "support": 30.0
    },
    "Ulmus_laciniata": {
      "precision": 0.7916666666666666,
      "recall": 1.0,
      "f1-score": 0.8837209302325582,
      "support": 19.0
    },
    "Ulmus_parvifolia": {
      "precision": 0.6666666666666666,
      "recall": 1.0,
      "f1-score": 0.8,
      "support": 10.0
    },
    "Zelkova_serrata": {
      "precision": 1.0,
      "recall": 0.75,
      "f1-score": 0.8571428571428571,
      "support": 28.0
    }
  }
}