{
  "ckpt_epoch": 22,
  "min_support": 5,
  "overall": {
    "acc_top1": 0.80370942812983,
    "acc_top5": 0.9443585780525502
  },
  "by_species": {
    "Aesculus_turbinata": {
      "precision": 1.0,
      "recall": 1.0,
      "f1-score": 1.0,
      "support": 5.0
    },
    "Aphananthe_aspera": {
      "precision": 1.0,
      "recall": 1.0,
      "f1-score": 1.0,
      "support": 33.0
    },
    "Carpinus_japonica": {
      "precision": 0.0,
      "recall": 0.0,
      "f1-score": 0.0,
      "support": 11.0
    },
    "Carpinus_tschonoskii": {
      "precision": 1.0,
      "recall": 0.36363636363636365,
      "f1-score": 0.5333333333333333,
      "support": 22.0
    },
    "Castanea_crenata": {
      "precision": 0.9714285714285714,
      "recall": 1.0,
      "f1-score": 0.9855072463768116,
      "support": 34.0
    },
    "Castanopsis_cuspidata": {
      "precision": 1.0,
      "recall": 0.9024390243902439,
      "f1-score": 0.9487179487179487,
      "support": 41.0
    },
    "Castanopsis_sieboldii": {
      "precision": 0.8125,
      "recall": 1.0,
      "f1-score": 0.896551724137931,
      "support": 13.0
    },
    "Celtis_sinensis": {
      "precision": 1.0,
      "recall": 1.0,
      "f1-score": 1.0,
      "support": 15.0
    },
    "Cinnamomum_camphora": {
      "precision": 1.0,
      "recall": 0.9807692307692307,
      "f1-score": 0.9902912621359223,
      "support": 52.0
    },
    "Cinnamomum_yabunikkei": {
      "precision": 1.0,
      "recall": 0.4,
      "f1-score": 0.5714285714285714,
      "support": 25.0
    },
    "Corylus_sieboldiana": {
      "precision": 1.0,
      "recall": 1.0,
      "f1-score": 1.0,
      "support": 12.0
    },
    "Fagus_crenata": {
      "precision": 1.0,
      "recall": 0.6923076923076923,
      "f1-score": 0.8181818181818182,
      "support": 52.0
    },
    "Fagus_japonica": {
      "precision": 0.4838709677419355,
      "recall": 1.0,
      "f1-score": 0.6521739130434783,
      "support": 15.0
    },
    "Lithocarpus_edulis": {
      "precision": 0.8421052631578947,
      "recall": 1.0,
      "f1-score": 0.9142857142857143,
      "support": 16.0
    },
    "Litsea_coreana": {
      "precision": 0.8,
      "recall": 0.8,
      "f1-score": 0.8,
      "support": 20.0
    },
    "Machilus_thunbergii": {
      "precision": 0.9583333333333334,
      "recall": 0.7666666666666667,
      "f1-score": 0.8518518518518519,
      "support": 30.0
    },
    "Ostrya_japonica": {
      "precision": 1.0,
      "recall": 1.0,
      "f1-score": 1.0,
      "support": 37.0
    },
    "Quercus_acuta": {
      "precision": 0.8333333333333334,
      "recall": 0.45454545454545453,
      "f1-score": 0.5882352941176471,
      "support": 22.0
    },
    "Quercus_crispula": {
      "precision": 0.9473684210526315,
      "recall": 0.9818181818181818,
      "f1-score": 0.9642857142857143,
      "support": 55.0
    },
    "Quercus_gilva": {
      "precision": 0.4166666666666667,
      "recall": 0.5555555555555556,
      "f1-score": 0.47619047619047616,
      "support": 9.0
    },
    "Quercus_salicina": {
      "precision": 1.0,
      "recall": 0.7368421052631579,
      "f1-score": 0.8484848484848485,
      "support": 19.0
    },
    "Quercus_serrata": {
      "precision": 1.0,
      "recall": 0.7777777777777778,
      "f1-score": 0.875,
      "support": 9.0
    },
    "Quercus_variabilis": {
      "precision": 1.0,
      "recall": 0.1111111111111111,
      "f1-score": 0.2,
      "support": 9.0
    },
    "Ulmus_davidiana_var_japonica": {
      "precision": 1.0,
      "recall": 0.6,
      "f1-score": 0.75,
      "support": 30.0
    },
    "Ulmus_laciniata": {
      "precision": 0.6333333333333333,
      "recall": 1.0,
      "f1-score": 0.7755102040816326,
      "support": 19.0
    },
    "Ulmus_parvifolia": {
      "precision": 0.5882352941176471,
      "recall": 1.0,
      "f1-score": 0.7407407407407407,
      "support": 10.0
    },
    "Zelkova_serrata": {
      "precision": 1.0,
      "recall": 0.75,
      "f1-score": 0.8571428571428571,
      "support": 28.0
    }
  }
}